﻿{"cameraMode":{"drawMode":0,"name":"Shaded","section":"Shading Mode"},"sceneLighting":true,"audioPlay":false,"sceneViewState":{"showFog":true,"showMaterialUpdate":false,"showSkybox":true,"showFlares":true,"showImageEffects":true,"showParticleSystems":true},"in2DMode":false,"pivot":{"x":0.8323443531990051,"y":0.17664247751235963,"z":-1.120804786682129},"rotation":{"x":-0.00471697561442852,"y":-0.9952095746994019,"z":-0.0630628913640976,"w":0.07455667853355408},"size":0.49632546305656435,"orthographic":false}